word,type
cuestionar,csubj
la,det
idoneidad,obj
de,case
nuestro,det
ministro,nmod
de,case
educación,flat
",",punct
dejando,advcl
entrever,xcomp
que,mark
su,det
orientación,nsubj
sexual,amod
es,cop
un,det
sesgo,ccomp
para,mark
ejercer,advcl
sus,det
labores,obj
de,case
"""",punct
manera,obl
adecuada,amod
"""",punct
",",punct
es,cop
homofobia,ROOT
",",punct
por,case
donde,obl
se,expl:impers
mire,advcl
.,punct
quieran,ROOT
hablar,xcomp
de,case
"""",punct
gestión,obj
o,cc
pendientes,conj
"""",punct
",",punct
eso,nsubj
es,cop
solo,advmod
humo,advcl
para,mark
cubrir,advcl
esa,det
odiosidad,obj
.,punct
la,det
educación,nsubj
sexual,flat
integral,flat
es,cop
una,det
necesidad,ROOT
social,amod
que,nsubj
debe,aux
resolver,acl
la,det
escuela,obj
",",punct
porque,mark
no,advmod
todos,det
los,det
niños,nsubj
y,cc
niñas,conj
tienen,advcl
una,det
buena,amod
educación,obj
en,case
sus,det
familias,obl
(,punct
pueden,aux
no,advmod
tener,advcl
familia,obj
incluso,advmod
),punct
o,cc
ser,aux
abusados,conj
dentro,advmod
de,case
la,det
familia,obl
.,punct
la,det
esi,nsubj
les,obj
ayuda,ROOT
de,mark
entender,xcomp
qué,obj
es,dep
el,det
abuso,advcl
vivir,csubj
la,det
homofobia,obj
en,case
plena,amod
educación,obl
escolar,amod
es,cop
horrible,ROOT
.,punct
esto,nsubj
es,ROOT
lo,det
que,nsubj
se,expl:pass
necesita,ccomp
para,mark
terminar,advcl
con,case
la,det
violencia,obl
contra,case
estudiantes,nmod
lgbtq+,amod
",",punct
que,nsubj
muchas,det
veces,obl
tiene,acl
espacios,obj
en,case
el,det
bullying,nmod
.,punct
no,advmod
son,cop
"""",punct
leseras,ROOT
"""",punct
ni,cc
"""",punct
ideologías,conj
"""",punct
",",punct
son,cop
acciones,advcl
para,mark
terminar,acl
con,case
la,det
discriminación,obl
!,punct
el,det
nivel,ROOT
de,case
odio,nmod
y,cc
homofobia,conj
en,case
esta,det
“,det
interpelación,nmod
”,amod
ufffff,amod
y,cc
los,det
gays,conj
de,case
derecha,nmod
?,punct
van,ROOT
a,mark
defender,xcomp
esto,obj
?,punct
porq,ROOT
después,advmod
de,case
ávila,obl
irán,flat
x,cc
uds,conj
",",punct
q,cc
lo,obj
tengan,conj
claro,advmod
anuncios,nsubj
de,case
interpelación,nmod
y,cc
acusación,conj
constitucional,amod
al,case
ministro,flat
@profmarcoavila,appos
son,cop
un,det
jugo,ROOT
.,punct
el,det
@mineduc,nsubj
tiene,ROOT
cifras,obj
para,mark
mostrar,acl
que,mark
estamos,aux
trayendo,ccomp
de,case
vuelta,compound
estudiantes,obj
a,case
las,det
aulas,obj
post,amod
pandemia,flat
",",punct
y,cc
las,det
orientaciones,nsubj
por,case
inclusión,nmod
y,cc
no,advmod
discriminación,conj
existen,advcl
hace,advcl
años,obj
.,punct
aerolíneas,nsubj
tiene,ROOT
una,det
pilota,amod
trans,obj
y,cc
es,cop
motivo,conj
de,case
enojo,nmod
e,cc
indignación,conj
de,case
la,det
“,nmod
gente,flat
”,amod
que,nsubj
no,advmod
puede,aux
comprender,acl
una,det
transición,obj
.,punct
eso,nsubj
habla,ROOT
de,case
los,det
estereotipos,obj
que,obj
crea,acl
la,det
gente,nsubj
sobre,case
nuestra,det
imagen,nmod
y,cc
sobre,case
qué,nmod
tan,advmod
“,flat
femeninas,amod
”,nsubj
nos,obj
tenemos,advcl
que,cc
lucir,conj
para,case
el,det
resto,obl
.,punct
yo,ROOT
la,det
aplaudo,punct
5,nummod
años,ROOT
ya,advmod
del,case
#,nmod
mayofeminista,amod
en,case
universidades,nmod
y,cc
comunidades,conj
educativas,amod
el,det
rol,ROOT
de,case
la,det
comunidad,nmod
académica,amod
frente,case
al,det
hostigamiento,nmod
y,cc
la,det
violencia,conj
sexista,amod
",",punct
clasista,conj
y,cc
racista,conj
que,nsubj
vive,acl
una,nsubj
de,case
nosotras,nmod
",",punct
y,cc
donde,obl
el,det
ethos,nsubj
de,mark
lo,det
que,nsubj
es,acl
hacer,ccomp
academia,obj
es,cop
el,det
tema,conj
de,case
discusión,nmod
.,punct
es,cop
tiempo,ROOT
de,mark
actuar,acl
",",punct
antes,advmod
que,mark
sea,cop
demasiado,advmod
tarde,advmod
.,punct
es,cop
inaceptable,ROOT
la,det
persecución,nsubj
política,amod
",",punct
hostigamiento,appos
",",punct
racismo,conj
y,cc
clasismo,conj
que,nsubj
ha,aux
sido,aux
expuesta,acl
la,det
dra,nsubj
elisa,flat
loncon,flat
.,punct
ya,advmod
sabemos,ROOT
lo,det
que,nsubj
puede,aux
venir,xcomp
para,case
muchas,obl
de,case
nosotras,nmod
.,punct
hoy,advmod
",",punct
por,case
2da,obl
vez,compound
",",punct
fue,aux
declarado,ROOT
culpable,obj
martin,nsubj
pradenas,flat
de,case
7,nummod
delitos,obl
en,case
contra,fixed
de,fixed
6,nummod
mujeres,nmod
;,punct
5,nummod
abusos,obl
sexuales,amod
y,cc
2,nummod
violaciones,conj
.,punct
silvana,nsubj
del,case
valle,flat
",",punct
abogada,appos
querellantes,obj
de,case
la,det
familia,nmod
de,case
antonia,nmod
barra,flat
señaló,ROOT
:,punct
para,mark
llegar,dep
a,case
una,det
alta,amod
pena,obl
el,det
tribunal,nsubj
tendrá,ROOT
que,cc
desechar,conj
la,det
atenuante,obj
de,case
irreprochable,amod
conducta,nmod
anterior,amod
y,cc
la,conj
de,case
colaboración,obj
sustancial,amod
con,case
la,det
justicia,nmod
.,punct
tribunal,nsubj
rechazó,ROOT
agravantes,obj
de,case
ley,nmod
zamudio,flat
",",punct
alevosía,appos
y,cc
de,case
desprecio,conj
por,case
la,det
valoración,nmod
de,case
las,det
víctimas,nmod
.,punct
violencia,ROOT
contra,case
las,det
mujeres,nmod
:,punct
cualquier,det
acción,appos
o,cc
conducta,conj
basada,amod
en,case
su,det
género,obj
que,mark
cause,acl
daño,obj
o,cc
sufrimiento,conj
físico,amod
",",punct
sexual,amod
o,cc
psicológico,conj
en,case
el,det
ámbito,nmod
privado,amod
o,cc
público,conj
.,punct
así,advmod
reza,ROOT
la,det
belem,nsubj
do,case
para,case
tanto,det
daño,nmod
.,punct
tanto,cc
sufrimiento,ROOT
.,punct
a,case
tantas,det
mujeres,ROOT
.,punct
"""",punct
la,det
cultura,ROOT
de,case
la,det
violación,nmod
y,cc
la,det
normalización,conj
de,case
la,det
violencia,nmod
"""",punct
mi,det
artículo,appos
en,case
la,det
edición,nmod
chilena,amod
de,case
le,nmod
monde,flat
diplomatique,nmod
la,det
iniciativa,nsubj
que,nsubj
busca,acl
regular,xcomp
el,det
acoso,obj
laboral,amod
",",punct
sexual,appos
y,cc
de,case
violencia,conj
de,case
género,nmod
cuenta,ROOT
con,case
el,det
patrocinio,obj
del,case
ejecutivo,nmod
.,punct
ahora,advmod
se,expl:pv
pronunciará,ROOT
el,det
senado,nsubj
.,punct
#,obl
derechoudp,compound
te,iobj
invita,ROOT
a,case
la,det
clase,iobj
abierta,amod
"""",punct
violencia,appos
de,case
género,nmod
en,case
dictadura,nmod
"""",punct
",",punct
que,nsubj
impartirá,acl
la,det
directora,obj
del,case
centro,nmod
de,case
#,flat
derechoshumanosudp,flat
",",punct
lidia,appos
casas,flat
becerra,flat
",",punct
el,det
5,appos
de,case
septiembre,compound
en,case
el,det
memorial,obl
camarín,flat
de,case
mujeres,flat
del,case
estadio,flat
nacional,flat
.,punct
a,case
través,fixed
del,det
conversatorio,obl
“,appos
construyendo,flat
institucionalidad,flat
de,case
género,flat
”,flat
la,det
facultad,nsubj
de,case
#,flat
educaciónuc,flat
inauguró,ROOT
la,det
nueva,amod
subdirección,obj
de,case
género,flat
de,case
la,det
facultad,flat
.,punct
mañana,advmod
estaremos,ROOT
con,case
sara,obj
ortiz,flat
de,case
@collectiupunt6,flat
 ,dep
carlos,flat
aguirre,flat
@caguirrn,case
la,det
@usansebastian,flat
y,cc
@grimalditwit,conj
 ,dep
de,case
chile21,nmod
conversando,advcl
sobre,case
la,det
perspectiva,obj
de,case
género,nmod
en,case
el,det
urbanismo,obl
.,punct
trabaja,ROOT
en,case
temas,obl
de,case
sexualidad,nmod
",",punct
género,conj
y,cc
disidencias,conj
?,punct
es,cop
activista,ROOT
y,cc
estos,det
temas,nsubj
son,cop
parte,conj
de,case
su,det
compromiso,nmod
político,amod
?,punct
venga,advcl
el,det
28,obl
de,case
septiembre,compound
a,case
las,det
16:00,obl
horas,compound
sala,compound
403,compound
de,case
vergara,nmod
240,compound
en,case
comunicación,obl
y,cc
letras,conj
 ,dep
udp,flat
a,mark
dialogar,advcl
james,nsubj
green,flat
les,obj
esperamos,ROOT
@cccastrog,nsubj
@icsoudp,punct
el,det
informe,nsubj
de,case
género,flat
aborda,ROOT
el,det
acceso,obj
y,cc
uso,conj
de,case
mujeres,nmod
y,cc
hombres,conj
a,case
los,det
productos,nmod
de,case
ahorro,nmod
",",punct
crédito,conj
",",punct
administración,appos
del,case
efectivo,nmod
",",punct
el,det
comportamiento,obj
de,case
pago,nmod
y,cc
la,det
participación,conj
de,case
la,det
mujer,nmod
en,case
puestos,nmod
directivos,amod
en,case
el,det
sistema,nmod
financiero,amod
.,punct
rechazamos,ROOT
la,det
decisión,obj
de,case
@pinguinodiario,nmod
de,mark
publicar,acl
el,det
rostro,obj
de,case
una,det
mujer,nmod
víctima,amod
de,case
violencia,nmod
de,case
género,nmod
",",punct
con,case
signos,nmod
de,case
golpes,nmod
.,punct
llamamos,ROOT
a,case
los,det
medios,obj
de,case
comunicación,nmod
a,mark
evitar,xcomp
el,det
morbo,obj
y,cc
el,det
sensacionalismo,conj
en,case
sus,det
coberturas,obl
.,punct
el,det
tratamiento,nsubj
de,case
noticias,nmod
sobre,case
vg,nmod
requiere,ROOT
formación,obj
para,mark
evitar,acl
la,det
revictimización,obj
y,cc
la,det
reproducción,conj
de,case
violencia,nmod
simbólica,amod
.,punct
es,cop
urgente,ROOT
subir,csubj
el,det
estándar,obj
y,cc
apuntar,conj
a,case
coberturas,fixed
con,case
enfoque,obj
de,case
género,nmod
y,cc
ddhh,conj
.,punct
para,case
ello,obl
",",punct
les,obj
recomendamos,ROOT
la,det
guía,nsubj
de,case
#,nmod
mediosnosexistas,punct
la,det
oficina,nsubj
de,case
género,flat
de,case
@derechouchile,flat
podrá,aux
orientar,ROOT
a,case
los,det
y,cc
las,det
estudiantes,obj
en,case
casos,obl
de,case
acoso,nmod
sexual,amod
",",punct
violencia,obj
de,case
género,nmod
y,cc
discriminación,conj
arbitraria,amod
por,case
razones,nmod
de,case
género,nmod
",",punct
entre,case
otros,nmod
.,punct
 ,dep
la,det
represión,nsubj
se,expl:pv
manifiesta,ROOT
con,case
aspectos,obl
de,case
género,nmod
.,punct
"""",punct
género,nsubj
y,cc
memorias,conj
"""",punct
se,expl:pass
incorpora,ROOT
en,case
el,det
libro,obl
de,case
códigos,nmod
:,punct
una,det
manera,appos
única,amod
de,mark
recordar,acl
influenciada,obj
por,case
roles,obj
de,case
género,nmod
.,punct
damos,ROOT
voz,obj
a,case
sujetos,obj
marginados,amod
",",punct
enriqueciendo,advcl
la,det
narrativa,obj
histórica,amod
.,punct
catalina,nsubj
álvarez,flat
y,cc
javiera,conj
rivano,flat
presentaron,ROOT
textos,obj
clave,nmod
.,punct
elizabeth,nsubj
jelin,flat
destaca,ROOT
cómo,obl
la,det
represión,nsubj
en,case
dictadura,nmod
afectó,ccomp
a,case
las,det
mujeres,obj
en,case
función,fixed
de,fixed
su,det
género,obl
.,punct
maría,nsubj
herminia,flat
di,flat
liscia,flat
explora,ROOT
el,det
papel,obj
subalterno,amod
de,case
las,det
mujeres,nmod
en,case
la,det
sociedad,nmod
patriarcal,amod
.,punct
las,det
experiencias,nsubj
de,case
mujeres,nmod
están,cop
vinculadas,ROOT
a,case
roles,obj
en,case
ámbitos,obl
privados,amod
y,cc
domésticos,conj
.,punct
la,det
maternidad,nsubj
y,cc
el,det
cuidado,conj
hacia,case
otros,nmod
moldean,ROOT
sus,det
relatos,obj
de,case
vida,nmod
.,punct
¿,punct
cómo,obl
impactó,ROOT
la,det
dictadura,obj
en,case
los,det
roles,obl
y,cc
expectativas,conj
de,case
género,nmod
?,punct
en,case
esta,det
muestra,obl
",",punct
así,cc
como,fixed
en,case
toda,det
su,det
obra,conj
",",punct
wynnie,nsubj
mynerva,flat
aborda,ROOT
el,det
cuerpo,obj
y,cc
el,det
género,conj
con,case
un,det
enfoque,obl
que,nsubj
desafía,acl
las,det
normas,obj
y,cc
el,det
miedo,conj
",",punct
proponiendo,advcl
la,det
libertad,obj
y,cc
el,det
placer,conj
como,mark
formas,obl
de,case
revolución,nmod
.,punct
google,nsubj
",",punct
por,advmod
favor,fixed
",",punct
permíteme,ROOT
escribir,xcomp
con,case
enfoque,obl
de,case
género,nmod
libremente,advmod
sin,mark
pasar,xcomp
por,case
tu,det
duro,amod
escrutinio,obl
en,case
el,det
lenguaje,obl
.,punct
#,expl:pv
hoyenlaumce,advcl
en,case
el,det
marco,obl
de,case
la,det
socialización,nmod
de,case
la,det
#,nmod
políticadegéneroumce,appos
",",punct
el,det
área,nsubj
de,case
trabajo,nmod
de,case
formación,nmod
de,case
la,det
oficina,flat
de,case
género,flat
y,cc
sexualidades,conj
realiza,ROOT
reunión,obj
de,case
transversalización,nmod
de,case
género,nmod
en,case
el,det
currículum,obl
de,case
pregrado,nmod
con,case
el,det
consejo,nmod
académico,flat
de,case
pedagogía,flat
en,case
artes,nmod
visuales,flat
.,punct
¡,punct
atención,ROOT
!,punct
quedan,ROOT
pocos,det
días,nsubj
para,mark
postular,advcl
a,case
nuestro,det
nuevo,amod
"""",punct
diplomado,obj
en,case
género,obl
:,punct
políticas,nsubj
públicas,amod
y,cc
sociedad,conj
"""",punct
.,punct
aún,advmod
hay,ROOT
descuentos,obj
vigentes,amod
.,punct
comienza,ROOT
el,det
7,obl
de,case
septiembre,compound
presidenta,ROOT
de,case
la,det
@cmfchile,flat
_,flat
",",punct
solange,conj
berstein,flat
",",punct
junto,case
al,det
decano,nmod
de,case
la,det
@fenuchile,flat
",",punct
josé,conj
de,case
gregorio,flat
y,cc
la,det
directora,conj
de,case
empresas,nmod
",",punct
karen,conj
ergas,flat
",",punct
durante,case
el,det
lanzamiento,nmod
de,case
la,det
vigésimo,amod
segunda,amod
versión,nmod
del,case
informe,nmod
de,case
género,flat
en,case
el,det
sistema,nmod
financiero,flat
de,case
la,det
cmf,flat
.,punct
las,det
mujeres,nsubj
asumieron,ROOT
roles,obj
políticos,amod
y,cc
públicos,conj
cuando,mark
sus,det
compañeros,nsubj
enfrentaron,advcl
represión,obj
.,punct
se,expl:impers
cuestiona,ROOT
por,case
qué,obl
algunas,det
mujeres,nsubj
son,aux
recordadas,csubj
y,cc
otras,conj
no,advmod
.,punct
la,det
reflexión,nsubj
sobre,case
género,nmod
y,cc
memoria,conj
nos,iobj
insta,ROOT
a,mark
explorar,xcomp
distintos,det
puntos,obj
de,case
vista,nmod
de,case
la,det
dictadura,nmod
.,punct
la,det
represión,nsubj
se,expl:pv
manifiesta,ROOT
con,case
aspectos,obl
de,case
género,nmod
.,punct
"""",punct
género,nsubj
y,cc
memorias,conj
"""",punct
se,expl:pass
incorpora,ROOT
en,case
el,det
libro,obl
de,case
códigos,nmod
:,punct
una,det
manera,appos
única,amod
de,mark
recordar,acl
influenciada,obj
por,case
roles,obj
de,case
género,nmod
.,punct
damos,ROOT
voz,obj
a,case
sujetos,obj
marginados,amod
",",punct
enriqueciendo,advcl
la,det
narrativa,obj
histórica,amod
.,punct
aquí,ROOT
en,case
el,det
paradero,obl
del,case
transporte,nmod
público,amod
",",punct
símbolo,appos
del,case
compañero,nmod
proletarios,amod
de,case
mi,det
pueblo,nmod
.,punct
con,case
igualdad,nmod
",",punct
perspectiva,ROOT
de,case
género,nmod
y,cc
combativo,conj
.,punct
donde,mark
no,advmod
hay,ROOT
luchas,obj
de,case
clases,nmod
sino,cc
clases,conj
de,case
lucha,nmod
y,cc
traslada,conj
al,case
pueblo,obl
por,case
las,det
abiertas,amod
y,cc
grandes,conj
alamedas,obl
.,punct
traductor,ROOT
.,punct
esperando,ROOT
micro,ROOT
revive,ROOT
el,det
seminario,nsubj
:,punct
“,nsubj
¿,punct
tiene,acl
género,obj
el,det
cerebro,obj
?,punct
”,appos
realizado,flat
en,case
conjunto,obl
con,case
@f_soymas,nmod
y,cc
transmitido,conj
por,case
@emoltv,obj
y,cc
youtube,conj
uai,flat
el,det
@ine_chile,nsubj
comienza,ROOT
la,det
recolección,obj
de,case
datos,nmod
de,case
la,det
2ª,nmod
encuesta,flat
nacional,flat
sobre,case
uso,nmod
del,case
tiempo,flat
(,punct
enut,appos
),punct
que,nsubj
contribuye,acl
a,mark
monitorear,xcomp
brechas,obj
de,case
género,nmod
para,mark
diseñar,acl
 ,dep
políticas,obj
públicas,amod
que,nsubj
promuevan,acl
la,det
corresponsabilidad,obj
social,amod
de,case
los,det
cuidados,nmod
",",punct
muy,advmod
bien,ROOT
:,punct
este,det
miércoles,obl
puerto,nsubj
montt,flat
celebrará,advcl
su,det
primera,amod
feria,obj
de,case
diversidad,nmod
sexual,flat
y,cc
de,case
género,conj
.,punct
tenemos,ROOT
una,det
buena,amod
noticia,obj
:,punct
el,det
isp,nsubj
fortalecerá,acl
el,det
control,obj
de,case
productos,nmod
farmacéuticos,amod
para,case
hormonoterapia,nmod
",",punct
gracias,case
a,fixed
la,det
adjudicación,obl
del,case
fondo,nmod
de,case
transversalización,flat
de,case
género,flat
del,case
@minmujeryeg,flat
#,flat
chileparatodas,flat
#,appos
minmujeryeg,nmod
en,case
contexto,obl
de,case
las,det
actividades,nmod
organizadas,amod
por,case
nuestra,det
facultad,obj
por,case
la,det
conmemoración,obl
de,case
los,det
50,nummod
años,nmod
del,case
golpe,nmod
de,case
estado,flat
en,case
chile,nmod
",",punct
invitamos,ROOT
a,mark
participar,xcomp
de,case
la,det
clase,obj
abierta,amod
"""",punct
violencia,appos
de,case
género,flat
en,case
dictadura,nmod
"""",punct
",",punct
que,nsubj
dictará,acl
la,det
directora,obj
del,case
centro,nmod
@ddhh_udp,flat
:,punct
lidia,flat
casas,flat
becerra,flat
el,det
subsecretario,nsubj
@rmontero,flat
_,flat
se,expl:pv
reunió,ROOT
con,case
la,det
embajadora,obl
del,case
reino,flat
unido,flat
en,case
chile,obl
",",punct
@louiseadesousa,obj
y,cc
avanzaron,conj
en,case
la,det
coordinación,obl
del,case
próximo,amod
diálogo,nmod
de,case
defensa,flat
bilateral,flat
reino,flat
unido-chile,flat
y,cc
otras,det
oportunidades,conj
de,case
colaboración,nmod
en,case
ciberdefensa,nmod
",",punct
género,conj
",",punct
academia,appos
y,cc
entrenamiento,conj
.,punct
cómo,obl
podría,dep
alice,obj
cooper,ROOT
un,det
señor,obj
de,case
75,nummod
años,nmod
saber,advcl
la,det
diferencia,obj
entre,case
género,nmod
y,cc
sexo,conj
",",punct
a,mark
ver,advcl
cómo,obl
.,punct
no,advmod
se,expl:pass
pa,mark
qué,nsubj
les,obj
preguntan,ROOT
estas,det
cosas,nsubj
a,case
gente,obj
que,nsubj
no,advmod
está,cop
preparada,acl
por,case
edad,obl
ni,cc
por,case
generación,conj
",",punct
mi,det
tata,nsubj
habría,aux
respondido,advcl
lo,det
mismo,obj
y,cc
no,advmod
por,case
eso,obl
era,cop
un,det
homofobico,conj
.,punct
u.,nsubj
mayor,flat
presentó,ROOT
su,det
proyecto,obj
ines,appos
género,flat
",",punct
que,nsubj
buscará,acl
disminuir,xcomp
las,det
brechas,obj
en,case
la,det
investigación,obl
panel,ROOT
de,case
conversación,nmod
sobre,case
informe,nmod
de,case
género,flat
de,case
la,det
@cmfchile,flat
_,flat
participan,flat
:,punct
josé,flat
de,case
gregorio,flat
solange,flat
berstein,flat
y,cc
nuestra,det
destacada,amod
egresada,conj
y,cc
directora,conj
de,case
empresas,nmod
karen,flat
ergas,flat
.,punct
¿,punct
conoces,ROOT
las,det
estadísticas,nsubj
de,case
género,nmod
para,case
chile,flat
que,mark
difunde,acl
el,det
banco,nsubj
central,flat
?,punct
visita,ROOT
la,det
selección,obj
de,case
gráficos,nmod
interactivos,amod
agrupados,amod
en,case
cuatro,nummod
ámbitos,obl
:,punct
estadísticas,appos
vitales,amod
",",punct
empleo,conj
",",punct
economía-finanzas,conj
y,cc
emprendimiento,conj
.,punct
¡,punct
hoy,ROOT
!,punct
|,dep
ciclo,flat
de,case
cine,flat
"""",punct
derecho,conj
",",punct
género,conj
y,cc
sociedad,conj
"""",punct
-,punct
función,nsubj
4,nummod
a,case
las,det
18:00,obl
hrs,conj
.,punct
patio,ROOT
central,flat
facultad,flat
de,case
derecho,flat
ahora,ROOT
en,case
vivo,fixed
el,det
lanzamiento,ROOT
del,case
informe,nmod
de,case
género,flat
de,case
la,det
@cmfchile,flat
_,flat
en,case
la,det
@fenuchile,nmod
violencia,nsubj
de,case
género,flat
en,case
dictadura,nmod
martes,flat
5,compound
de,case
septiembre,compound
15:00,nummod
hrs,ROOT
república,obj
105,obl
",",punct
auditorio,dep
la,det
actividad,nsubj
se,expl:pass
inicia,advcl
con,case
la,det
exhibición,obl
del,case
memorial,nmod
camarín,flat
de,case
mujeres,flat
",",punct
estadio,appos
nacional,flat
y,cc
luego,advmod
una,det
clase,conj
abierta,amod
impartida,amod
por,case
nuestra,det
directora,obj
",",punct
la,det
prof.,appos
lidia,appos
casas,flat
¡,punct
atención,dep
investigadoras,flat
e,cc
investigadores,conj
de,case
nuestra,det
universidad,nmod
!,punct
el,det
centro,nsubj
para,case
la,det
transversalización,flat
de,case
género,flat
en,case
i+d+i+e,nmod
de,case
la,det
@autonomadechile,nmod
te,expl:pv
ayuda,ROOT
a,mark
incorporar,xcomp
la,det
#,nummod
perspectivadegénero,obj
en,case
tu,det
investigación,obl
judith,ROOT
alfaro,flat
",",punct
directora,appos
de,case
la,det
csc_sfi,nmod
y,cc
de,case
la,det
cut,conj
valparaíso,flat
",",punct
junto,case
a,fixed
dirigentes,nmod
de,case
sindicatos,nmod
base,amod
de,case
valparaíso,nmod
",",punct
en,case
el,det
conversatorio,nmod
"""",punct
desafíos,flat
de,case
la,det
dir,flat
.,punct
del,case
trabajo,ROOT
en,case
el,det
marco,nmod
del,case
trabajo,flat
decente,flat
y,cc
el,det
enfoque,conj
de,case
género,flat
"""",punct
",",punct
con,case
el,det
director,nmod
nacional,flat
del,case
trabajo,flat
",",punct
pablo,appos
zenteno,flat
.,punct
que,mark
icónico,csubj
ver,xcomp
a,case
la,det
#,obl
coni,ROOT
hablando,xcomp
de,case
equidad,obj
de,case
género,nmod
lavando,xcomp
los,det
platos,obj
.,punct
puro,amod
cine,ROOT
.,punct
#,ROOT
granhermanochv,punct
pensando,advcl
cómo,obl
estructurar,xcomp
el,det
próximo,amod
capítulo,obj
de,case
#,nmod
laválvula,flat
",",punct
creo,ROOT
que,mark
podría,aux
incluir,xcomp
una,det
sección,obj
de,case
memes,nmod
",",punct
al,case
estilo,nmod
',nmod
cuando,mark
fallas,advcl
al,case
comprender,advcl
el,det
concepto,obj
del,case
género,nmod
',nmod
.,punct
el,det
fondo,nsubj
de,case
transversalización,flat
de,case
género,nmod
del,case
@minmujeryeg,nmod
permite,ROOT
  ,dep
reforzar,xcomp
el,det
trabajo,obj
del,case
isp,nmod
para,case
la,det
vigilancia,obl
y,cc
control,conj
de,case
calidad,nmod
de,case
los,det
  ,dep
anticonceptivos,nmod
que,obj
entrega,acl
el,det
estado,nsubj
a,case
través,fixed
de,fixed
la,det
red,obl
pública,amod
.,punct
#,amod
chileparatodas,ROOT
#,appos
minmujeryeg,nmod
impacto,nsubj
:,punct
trinidad,appos
ex,amod
participante,advmod
de,case
gh,nmod
chile,flat
",",punct
revela,ROOT
posibilidad,obj
de,mark
re-transicionar,acl
su,det
género,obj
a,case
hombre,obj
.,punct
“,nsubj
decido,flat
ser,ROOT
lo,det
que,obj
yo,nsubj
quiero,ccomp
”,obj
señaló,ccomp
¿,punct
qué,nsubj
te,expl:pv
parece,ccomp
?,punct
#,ROOT
thelulosshow,ROOT
¿,punct
qué,det
impacto,obj
tiene,ROOT
el,det
debilitamiento,obj
de,case
las,det
democracias,nmod
en,case
la,det
violencia,nmod
de,case
género,nmod
?,punct
les,obj
esperamos,ROOT
en,case
el,det
conversatorio,obl
de,case
la,det
@rednoviolencia,nmod
junto,case
a,fixed
antonia,obl
reyes,flat
",",punct
sandra,conj
palestro,flat
y,cc
tamara,conj
vidaurrazaga,flat
desde,case
la,det
@cmfchile,obl
_,flat
te,iobj
invitamos,ROOT
a,mark
participar,xcomp
del,case
lanzamiento,obj
de,case
la,det
22,nummod
°,nummod
edición,nmod
del,case
informe,nmod
de,case
género,flat
en,case
el,det
sistema,nmod
financiero,flat
de,case
la,det
cmf,flat
",",punct
el,det
próximo,amod
martes,appos
29,compound
de,case
agosto,compound
en,case
la,det
@fenuchile,nmod
.,punct
iv,amod
versión,ROOT
del,case
diplomado,nmod
en,case
enfoque,nmod
de,case
género,flat
y,cc
políticas,conj
públicas,flat
en,case
ciesi,nmod
.,punct
te,obj
puedes,aux
inscribir,ROOT
para,case
esta,det
charla,obl
gratuita,amod
que,nsubj
daré,acl
el,det
2,obl
de,case
agosto,compound
a,case
las,det
18:30,obl
hrs,obj
de,case
lima,obl
perú,flat
.,punct
este,det
jueves,obl
el,det
magíster,nsubj
de,case
género,flat
e,cc
intervención,conj
psicosocial,flat
invita,ROOT
a,case
la,det
presentación,obj
y,cc
lectura,conj
del,case
libro,nmod
de,case
la,det
poeta,nmod
travesti,flat
claudia,appos
rodríguez,flat
"""",punct
para,mark
no,advmod
morir,advcl
tan,advmod
sola,advmod
.,punct
escritura,ROOT
en,case
pandemia,nmod
"""",punct
seminario,ROOT
"""",punct
la,det
investigación,appos
empírica,amod
como,mark
aporte,acl
en,case
la,det
detección,obj
de,case
barreras,nmod
de,case
acceso,nmod
a,case
la,det
justicia,nmod
:,punct
el,det
caso,appos
de,case
disidencias,nmod
y,cc
discriminación,conj
de,case
género,nmod
"""",punct
#,advmod
hoyenlaumce,advcl
esta,det
mañana,obl
se,expl:pass
realizó,ROOT
una,det
nueva,amod
jornada,nsubj
de,case
inducción,nmod
de,case
la,det
política,nmod
de,case
género,flat
umce,flat
",",punct
a,case
cargo,fixed
de,fixed
la,det
oficina,nmod
de,case
género,flat
y,cc
sexualidades,conj
",",punct
con,case
la,det
comunidad,nmod
del,case
departamento,nmod
de,case
educación,flat
básica,flat
",",punct
quienes,nsubj
pudieron,aux
informarse,acl
y,cc
aclarar,conj
dudas,obj
.,punct
#,advmod
ahora,advmod
|,punct
el,det
vicepresidente,nsubj
de,case
capacitación,nmod
de,case
#,nmod
anef,appos
",",punct
ignacio,appos
ramírez,flat
",",punct
y,cc
la,det
vicepresidenta,conj
de,case
la,det
mujer,nmod
y,cc
género,conj
#,flat
anef,appos
",",punct
gina,appos
sennas,flat
",",punct
se,obj
reúnen,ROOT
con,case
la,det
oficial,obl
de,case
programación,flat
de,case
la,det
oit,flat
",",punct
patricia,conj
roa,flat
",",punct
para,mark
programar,advcl
semininarios,obj
y,cc
cursos,conj
",",punct
y,cc
para,mark
tratar,conj
convenio,obj
190,nummod
oit,nsubj
",",punct
entre,case
otros,obl
.,punct
¡,punct
feliz,ROOT
lunes,nummod
!,punct
para,mark
comenzar,advcl
la,det
semana,obj
",",punct
les,obj
invitamos,ROOT
a,mark
leer,xcomp
el,det
artículo,obj
"""",punct
producción,appos
del,case
género,nmod
.,punct
aborto,ROOT
",",punct
usos,appos
del,case
derecho,nmod
y,cc
oposición,conj
en,case
argentina,nmod
(,punct
2018,appos
),punct
"""",punct
",",punct
de,case
maría,conj
candelaria,flat
sgró,flat
ruata,flat
y,cc
marí­a,conj
eugenia,flat
gastiazoro,flat
.,punct
¡,punct
disfruten,ROOT
su,det
lectura,obj
!,punct
¡,punct
hola,nsubj
!,punct
nuestra,det
socia,appos
y,cc
abogada,conj
@franmillanz,ROOT
es,cop
parte,advcl
del,case
cuerpo,nmod
docente,amod
del,case
diplomado,nmod
:,punct
"""",punct
litigación,advcl
con,case
perspectiva,flat
de,case
género,flat
"""",punct
de,case
@derechouah,nmod
¿,punct
cuándo,flat
?,punct
|,nmod
septiembre,nsubj
2023-enero,appos
2024|,compound
¿,punct
quieres,ROOT
sumarte,obj
?,punct
con,case
el,det
apoyo,obl
de,case
@oitconosur,nmod
",",punct
4,nummod
cámaras,conj
empresariales,amod
de,case
la,det
#,nummod
construcción,nmod
de,case
a.latina,nmod
desarrollaron,ROOT
proyectos,obj
sobre,case
circularidad,nmod
",",punct
igualdad,conj
de,case
género,nmod
",",punct
digitalización,conj
",",punct
salud,conj
y,cc
seguridad,conj
en,case
el,det
trabajo,nmod
y,cc
planificación,conj
estratégica,amod
.,punct
líderes,ROOT
de,case
la,det
transmisión,nmod
digital,amod
de,case
salud,nmod
en,case
chile,nmod
.,punct
urgente,nmod
una,det
agenda,ROOT
de,case
equidad,nmod
de,case
genero,nmod
entre,case
directivos,nmod
de,case
salud,nmod
@ministeriosalud,appos
#,appos
himss,appos
#,cc
himsschile,conj
@icimudd,flat
las,det
#,nummod
estadísticas,nsubj
de,case
género,nmod
permiten,ROOT
mostrar,xcomp
distintas,det
expresiones,obj
de,case
la,det
división,nmod
sexual,amod
del,case
#,nummod
trabajo,nmod
",",punct
una,det
división,appos
que,nsubj
limita,acl
la,det
participación,obj
de,case
las,det
#,nummod
mujeres,nmod
en,case
el,det
mercado,nmod
laboral,amod
.,punct
estos,det
tipos,nsubj
kast,nsubj
son,cop
unos,det
descarados,ROOT
",",punct
están,cop
en,case
contra,fixed
de,case
la,det
diversidad,nsubj
de,case
género,nmod
y,cc
 ,dep
a,case
felipe,conj
kast,flat
lo,obj
sorprenden,conj
acaramelado,iobj
con,case
un,det
travesti,obl
.,punct
creo,ROOT
que,mark
 ,dep
los,det
kast,nsubj
son,cop
unos,det
infelices,ccomp
",",punct
atacan,ccomp
a,case
los,det
gay,obj
y,cc
a,case
las,det
lesbianas,conj
y,cc
ellos,nsubj
los,obj
usan,conj
cuando,mark
quieren,advcl
.,punct
hahahahahahahahahahahahahaha,ROOT
ctm,flat
",",punct
viva,amod
la,det
igualdad,nsubj
de,case
genero,nmod
ctm,obj
#,case
aewallin,conj
#,case
allin,conj
#,amod
aew,conj
#,amod
aewcl,punct
bueno,obj
",",punct
si,mark
lo,obj
dice,parataxis
claudio,nsubj
arredondo,flat
",",punct
debe,aux
ser,dep
pq,det
él,nsubj
se,expl:pv
maneja,ROOT
muy,advmod
bien,advmod
en,case
la,det
pornografía,obl
",",punct
al,case
igual,fixed
q,fixed
su,det
hija,nsubj
...,punct
son,cop
intelectuales,advcl
del,case
género,nmod
y,cc
claro,conj
",",punct
@carreragonzalo,nsubj
debe,aux
ser,cop
un,det
neófito,conj
en,case
esa,det
área,nmod
.,punct
creo,ccomp
que,mark
renovación,nsubj
nacional,flat
no,advmod
puede,aux
dejar,xcomp
pasar,xcomp
la,det
posibilidad,obj
de,mark
tener,acl
una,det
presidenta,obj
",",punct
una,det
mujer,appos
a,case
la,det
cabeza,nmod
",",punct
porque,mark
no,advmod
es,cop
solamente,advmod
una,det
cuestión,advcl
de,case
género,nmod
",",punct
afirmó,ROOT
la,det
senadora,nsubj
rn,appos
también,advmod
nos,obj
unimos,ROOT
al,case
manifiesto,obj
de,case
la,det
plataforma,nmod
universitaria,flat
de,case
estudios,flat
feministas,flat
y,cc
de,case
género,conj
(,punct
eufem,flat
),punct
sobre,case
la,det
destitución,obl
inmediata,amod
y,cc
definitiva,conj
#,amod
rubiales,appos
presidente,nmod
@rfef,appos
#,obj
seacabó,nmod
comunicado,ROOT
de,case
la,det
plataforma,flat
universitaria,flat
de,case
estudios,flat
feministas,flat
y,cc
de,case
género,conj
(,punct
eufem,flat
),punct
sobre,case
la,det
destitución,nmod
inmediata,amod
y,cc
definitiva,conj
de,case
luis,nmod
#,flat
rubiales,flat
como,mark
presidente,nmod
de,case
la,det
real,nmod
federación,flat
española,flat
de,case
fútbol,flat
(,punct
@rfef,flat
),punct
una,nsubj
de,case
las,det
enmiendas,nmod
propuestas,amod
al,case
anteproyecto,nmod
de,case
nueva,amod
constitución,nmod
",",punct
elimina,ROOT
el,det
mecanismo,obj
de,case
corrección,nmod
de,case
género,nmod
en,case
las,det
elecciones,obl
parlamentarias,amod
.,punct
esta,det
indicación,nsubj
generó,ROOT
un,det
intenso,amod
debate,obj
dentro,advmod
de,case
la,det
comisión,obl
de,case
sistema,nmod
político,flat
...,punct
en,case
un,det
gran,amod
desafío,obl
disminuir,ROOT
la,det
brecha,obj
de,case
género,nmod
en,case
ciencia,nmod
y,cc
tecnología,conj
.,punct
es,cop
verdad,ROOT
que,mark
es,cop
un,det
problema,csubj
sistémico,amod
que,nsubj
requiere,acl
medidas,nsubj
integrales,amod
desde,case
la,det
infancia,nmod
",",punct
pero,cc
también,advmod
es,cop
necesario,conj
que,mark
las,det
propias,amod
organizaciones,nsubj
femeninas,amod
expongan,csubj
sus,det
propuestas,obj
de,case
corto,amod
plazo,nmod
.,punct
exactamente,advmod
",",punct
de,case
partida,nmod
rai,nsubj
no,advmod
le,obj
pertenece,ROOT
",",punct
no,advmod
tienen,advcl
una,det
relación,obj
",",punct
no,advmod
es,cop
su,det
amiga,advcl
no,advmod
le,obj
debe,advcl
la,det
lealtad,obj
que,obj
ella,nsubj
no,advmod
ha,aux
tenido,acl
con,case
constanza,obl
ni,cc
siquiera,fixed
por,case
ser,cop
del,case
mismo,det
género,obl
",",punct
finalmente,advmod
es,advcl
rai,nsubj
quien,nsubj
es,cop
libre,ccomp
de,mark
hacer,acl
y,cc
estar,conj
con,case
quién,obj
le,obj
guste,ccomp
#,obj
thelulosshow,nsubj
el,det
fondo,nsubj
de,case
transversalización,flat
de,case
género,nmod
del,case
@minmujeryeg,nmod
permite,ROOT
  ,dep
reforzar,xcomp
el,det
trabajo,obj
del,case
isp,nmod
para,case
la,det
vigilancia,obl
y,cc
control,conj
de,case
calidad,nmod
de,case
los,det
  ,dep
anticonceptivos,nmod
que,obj
entrega,acl
el,det
estado,nsubj
a,case
través,fixed
de,fixed
la,det
red,obl
pública,amod
.,punct
#,amod
chileparatodas,ROOT
#,appos
minmujeryeg,nmod
cuenta,ROOT
pública,flat
de,case
santiago,flat
:,punct
1.500,nummod
subsidios,appos
entregados,amod
",",punct
$,appos
4.935,nummod
millones,appos
de,case
inversión,nmod
en,case
colegios,nmod
y,cc
fortalecimiento,conj
en,case
igualdad,nmod
de,case
género,nmod
alegría,ROOT
y,cc
orgullo,conj
al,case
ver,acl
los,det
avances,obj
en,case
materia,fixed
de,fixed
género,obl
",",punct
diversidades,conj
e,cc
inclusión,conj
de,case
la,det
gestión,nmod
de,case
la,det
alcaldesa,nmod
@iracihassler,appos
",",punct
donde,obl
hemos,aux
llevado,acl
adelante,advmod
importantes,amod
innovaciones,obj
en,case
políticas,nmod
públicas,amod
para,case
todas,det
las,det
personas,nmod
los,det
comunistas,nsubj
mienten,ROOT
...,punct
cuenta,obj
pública,flat
de,case
santiago,flat
:,punct
 ,dep
1.500,nummod
subsidios,obj
entregados,amod
",",punct
$,appos
4.935,nummod
millones,appos
de,case
inversión,nmod
en,case
colegios,nmod
y,cc
fortalecimiento,conj
en,case
igualdad,nmod
de,case
género,nmod
la,det
educación,ROOT
técnica,amod
profesional,amod
",",punct
una,det
oportunidad,appos
para,mark
cerrar,acl
las,det
brechas,obj
de,case
género,nmod
",",punct
columna,appos
de,case
opinión,nmod
hoy,advmod
en,case
cnn,nmod
chile,flat
equidad,ROOT
de,case
género,nmod
en,case
organizaciones,nmod
.,punct
tarea,ROOT
primordial,amod
y,cc
pendiente,conj
.,punct
director,ROOT
chile,flat
great,flat
place,flat
to,flat
work,flat
.,punct
aparentemente,advmod
en,case
3,nummod
semanas,obl
puedo,aux
saber,advcl
el,det
género,obj
de,case
mi,det
bebé,nmod
",",punct
no,advmod
lo,obj
puedo,aux
creer,ROOT
el,det
terapeuta,nsubj
ayer,advmod
me,iobj
preguntó,ROOT
mi,det
género,obj
y,cc
después,conj
mi,det
orientación,obj
sexual,amod
y,cc
yo,nsubj
no,advmod
entendí,conj
jajaj,obj
pero,cc
le,iobj
dije,conj
femenino,obj
y,cc
me,iobj
volvió,conj
a,mark
repetir,xcomp
lo,dep
 ,dep
de,case
la,det
orientación,nmod
sexual,amod
y,cc
nos,expl:pv
reímos,conj
jajaj,obj
le,obj
dije,advcl
aaaaa,nsubj
i'm,amod
actually,flat
bisexual,amod
a,case
lo,det
nick,obj
nelson,flat
el,det
26,obl
de,case
agosto,compound
de,case
1855,compound
nació,ROOT
lidia,nsubj
poët,flat
",",punct
la,det
primera,amod
abogada,appos
de,case
italia,nmod
.,punct
a,mark
pesar,fixed
de,fixed
ser,aux
apartada,advcl
de,case
los,det
tribunales,obl
por,case
su,det
género,obl
",",punct
luchó,ROOT
incansablemente,obj
por,case
su,det
derecho,obj
a,mark
ejercer,acl
y,cc
abrió,conj
camino,obj
para,case
las,det
mujeres,obl
en,case
cargos,obl
públicos,amod
.,punct
#,ROOT
lidiapoët,appos
#,flat
mujeresenelderecho,punct
"""",punct
miraba,ROOT
con,case
distancia,obl
cómo,obl
el,det
partido,nsubj
abordaba,advcl
los,det
temas,obj
de,case
género,nmod
",",punct
una,appos
de,case
las,det
causas,nmod
que,obj
ella,nsubj
promovía,acl
"""",punct
"""",punct
diputada,appos
camila,appos
flores,flat
-cercana,flat
a,case
del,det
real-,nmod
"""",punct
o,cc
sea,fixed
",",punct
los,det
temas,nsubj
de,case
género,nmod
son,cop
temas,conj
de,case
telas,nmod
“,nsubj
hacía,ROOT
esto,obj
o,cc
no,advmod
podía,aux
seguir,conj
viviendo,xcomp
”,obl
:,punct
trini,nsubj
revela,advcl
fuertes,amod
detalles,obj
acerca,case
su,det
reasignación,nmod
de,case
género,nmod
ciclo,ROOT
de,case
cine,flat
"""",punct
derecho,flat
",",punct
género,conj
y,cc
sociedad,conj
"""",punct
-,punct
función,conj
4,nummod
martes,nmod
29,compound
de,case
agosto,compound
a,case
las,det
18:00,nmod
hrs,flat
.,punct
patio,ROOT
central,flat
facultad,flat
de,case
derecho,flat
(,punct
1/2,ROOT
),punct
la,det
dictadura,nsubj
intentó,ROOT
imponer,xcomp
un,det
régimen,obj
tradicional,amod
en,case
lo,det
relativo,obl
al,case
género,obj
.,punct
en,case
ese,det
sentido,obl
",",punct
y,cc
para,mark
cortar,advcl
toda,det
alternativa,obj
fuera,advmod
de,case
lo,det
establecido,advmod
",",punct
castigó,ROOT
con,case
fuerza,obj
",",punct
desde,case
el,det
vejamen,obl
sobretodo,nmod
a,case
mujeres,nmod
en,case
el,det
marco,nmod
de,case
la,det
tortura,nmod
ejercida,amod
desde,case
el,det
estado,obl
.,punct
llegamos,ROOT
al,case
último,amod
panel,obj
de,case
las,det
jornadas,nmod
de,case
estudiantes,flat
sobre,case
50,nummod
años,nmod
del,case
golpe,nmod
de,case
estado,flat
",",punct
esta,det
vez,obl
los,det
y,cc
las,det
investigadores,conj
del,case
observatorio,nmod
de,case
historia,flat
reciente,flat
.,punct
género,nsubj
",",punct
disidencias,conj
",",punct
pinochetismo,conj
y,cc
políticas,conj
de,case
reparación,nmod
debate,ROOT
.,punct
[,amod
nota,nsubj
],flat
comprender,flat
y,cc
reflexionar,conj
sobre,case
las,det
múltiples,amod
perspectivas,obl
en,case
los,det
enfoques,nmod
de,case
género,nmod
",",punct
es,ROOT
lo,det
que,nsubj
busca,ccomp
nuevo,amod
curso,obj
transversal,nmod
para,case
estudiantes,nmod
de,case
pregrado,nmod
.,punct
saludamos,ROOT
a,case
la,det
colega,obj
patricia,appos
stambuk,flat
por,case
la,det
obtención,obl
del,case
premio,nmod
nacional,flat
de,case
periodismo,flat
2023,appos
",",punct
un,det
reconocimiento,appos
a,case
su,det
trayectoria,nmod
.,punct
valoramos,ROOT
que,mark
se,expl:pass
reconozca,ccomp
el,det
camino,nsubj
profesional,amod
de,case
mujeres,nmod
periodistas,amod
que,nsubj
han,aux
aportado,acl
al,case
país,obj
en,case
temáticas,obl
de,case
género,nmod
y,cc
pueblos,conj
originarios,amod
.,punct
se,expl:pass
viene,ROOT
fundación,nsubj
socavón,flat
.,punct
unas,det
charlas,ROOT
con,case
perspectiva,nmod
de,case
género,nmod
y,cc
construcción,conj
capitalista,amod
y,cc
ta,conj
estamos,cop
.,punct
#,iobj
ahoraenlaumce,ROOT
la,det
destacada,nsubj
investigadora,amod
y,cc
referente,conj
en,case
formación,nmod
del,case
profesorado,nmod
a,case
nivel,nmod
mundial,amod
",",punct
dra.,punct
nuria,nsubj
solsona,flat
pairó,flat
",",punct
presentó,ROOT
la,det
conferencia,obj
“,appos
género,flat
y,cc
ciencia,conj
en,case
la,det
investigación,nmod
didáctica,amod
”,punct
[,ROOT
convocatoria,appos
],flat
compartimos,flat
el,det
llamado,amod
de,case
la,det
revista,obj
punto,flat
género,flat
-editada,amod
en,case
@facsouchile,nmod
-,punct
para,case
la,det
recepción,nmod
de,case
artículos,nmod
de,case
investigación,nmod
.,punct
impulsamos,ROOT
la,det
lucha,obj
por,case
los,det
derechos,nmod
de,case
mujeres,nmod
trabajadoras,amod
para,mark
reducir,acl
brechas,obj
de,case
género,nmod
basadas,amod
en,case
estereotipos,obl
",",punct
y,cc
en,case
una,det
división,conj
sexual,amod
del,case
trabajo,nmod
que,obj
nos,iobj
discrimina,acl
@gloflowers,nsubj
pdta,flat
.,punct
@fenassap,ROOT
en,case
6ta,nmod
conferencia,flat
mundial,flat
@uni_equal,flat
@uniglobalunion,flat
#,flat
womenrisingtogether,flat
registros,ROOT
del,case
doble,amod
lanzamiento,nmod
de,case
ines,nmod
género,flat
y,cc
cream,conj
#,case
umayor,flat
",",punct
significativos,amod
proyectos,appos
precursores,amod
de,case
la,det
investigación,nmod
con,case
perspectiva,nmod
de,case
género,nmod
.,punct
 ,dep
la,det
actividad,nsubj
contó,ROOT
con,case
una,det
charla,obj
magistral,amod
de,case
leyla,nmod
cárdenas,flat
",",punct
decana,appos
de,case
la,det
facultad,nmod
de,case
ciencias,flat
de,case
la,det
@uaustraldechile,flat
.,punct
conferencia,ROOT
mujeres,flat
congreso,flat
@uniglobalunion,flat
sec,flat
.,punct
gral.,nsubj
@choffmanuni,flat
destacó,ROOT
el,det
papel,obj
de,case
 ,dep
#,nmod
philadelphia,appos
en,case
la,det
lucha,nmod
por,case
la,det
justicial,nmod
social,amod
",",punct
racial,conj
y,cc
de,case
género,conj
.,punct
 ,dep
@verouni,ROOT
cabeza,appos
depto,flat
.,punct
@uni_equal,nsubj
habló,ROOT
de,case
los,det
efectos,obj
de,case
la,det
pandemia,nmod
en,case
el,det
trabajo,obl
de,case
las,det
mujeres,nmod
en,case
el,det
mundo,nmod
.,punct
¿,punct
qué,obj
opinan,ROOT
?,punct
esto,nsubj
es,cop
parte,ROOT
del,case
material,nmod
del,case
mineduc,nmod
que,nsubj
dará,acl
a,case
niños,obj
de,case
prekinder,nmod
en,case
3,nummod
sesiones,obl
",",punct
obviamente,amod
la,det
página,nmod
a,case
la,det
que,obj
hace,acl
mención,compound
http://educacionsexual.mineduc.cl,nsubj
para,mark
ver,acl
más,advmod
información,obj
no,advmod
existe,conj
.,punct
las,det
materias,nsubj
que,obj
tratan,acl
son,ROOT
:,punct
1,ccomp
.,punct
vínculos,amod
afectivos,amod
y,cc
género,conj
-,punct
reconocer,appos
familia,ROOT
de,case
origen,nmod
.,punct
-,punct
derechos,ROOT
de,case
los,det
niños,nmod
.,punct
-,punct
reconocimiento,ROOT
de,case
roles,nmod
con,case
perspectiva,nmod
de,case
género,nmod
e,cc
igualdad,conj
de,case
derechos,nmod
.,punct
2,ROOT
.,punct
autocuidado,ROOT
.,punct
-,punct
reconocerse,ROOT
como,mark
niño,obl
/,punct
niña,appos
.,punct
-,punct
higiene,ROOT
básica,flat
.,punct
-,punct
reconocer,ROOT
partes,obj
del,case
cuerpo,nmod
.,punct
3,ROOT
.,punct
inteligencia,ROOT
emocional,amod
.,punct
-,punct
reconocer,ROOT
e,cc
identificar,conj
emociones,obj
básicas,amod
.,punct
-,punct
identificar,ROOT
emociones,obj
básicas,amod
según,case
expresiones,obl
faciales,amod
.,punct
4,ROOT
.,punct
prevención,ROOT
de,case
asi,nmod
.,punct
-,punct
identificar,ROOT
figuras,obj
de,case
cuidado,nmod
.,punct
-,punct
identificar,ROOT
figuras,obj
de,case
cercanos,nmod
y,cc
desconocidos,conj
.,punct
-,punct
reforzar,ROOT
establecimiento,obj
de,case
límites,nmod
(,punct
decir,acl
si,mark
/,punct
no,advmod
),punct
.,punct
-,ROOT
conocer,ROOT
partes,det
privadas,obj
del,case
cuerpo,nmod
.,punct
el,det
recurrente,nsubj
fue,aux
denunciado,ROOT
por,mark
cometer,xcomp
violencia,obj
de,case
género,nmod
contra,case
su,det
ex,amod
cónyuge,obl
",",punct
sin,advmod
embargo,fixed
",",punct
fue,aux
sobreseído,conj
por,case
el,det
juez,obj
de,case
instancia,nmod
que,nsubj
albergó,acl
serias,amod
dudas,obj
sobre,case
su,det
participación,nmod
en,case
los,det
hechos,nmod
...,punct
 ,dep
#,obl
abogacía,appos
#,appos
derecho,appos
#,case
leyes,conj
#,appos
jurisprudenciajudicial,punct
esta,det
diputada,nsubj
es,cop
como,mark
winter,ROOT
en,case
femenino,nmod
.,punct
bien,cc
ahí,advmod
con,case
la,det
equidad,ROOT
de,case
género,nmod
.,punct
tenemos,ROOT
una,det
buena,amod
noticia,obj
:,punct
el,det
isp,nsubj
fortalecerá,acl
el,det
control,obj
de,case
productos,nmod
farmacéuticos,amod
para,case
hormonoterapia,nmod
",",punct
gracias,case
a,fixed
la,det
adjudicación,obl
del,case
fondo,nmod
de,case
transversalización,flat
de,case
género,flat
del,case
@minmujeryeg,flat
#,flat
chileparatodas,flat
#,appos
minmujeryeg,nmod
isp,nsubj
encabeza,ROOT
webinar,obj
sobre,case
la,det
incorporación,obl
de,case
la,det
perspectiva,nmod
de,case
género,nmod
en,case
salud,nmod
ocupacional,amod
.,punct
rubiales,nsubj
decide,ROOT
no,advmod
dimitir,xcomp
y,cc
los,det
aplausos,conj
y,cc
halagos,conj
a,case
su,det
discurso,obl
nos,iobj
demuestran,conj
que,mark
finalmente,advmod
los,det
límites,nsubj
no,advmod
existen,ccomp
cuando,mark
se,expl:impers
trata,advcl
de,mark
trasgredir,xcomp
a,case
las,det
mujeres,obj
.,punct
que,mark
mal,advmod
le,obj
hace,ROOT
esto,obj
al,case
fútbol,obj
femenino,amod
",",punct
pero,cc
sobre,conj
todo,fixed
al,case
propio,det
género,nmod
masculino,amod
.,punct
cumplimos,ROOT
nuestro,det
compromiso,obj
de,mark
retomar,acl
la,det
#,obj
enut,flat
y,cc
esta,det
segunda,amod
versión,nsubj
permitirá,conj
dar,xcomp
continuidad,obj
a,case
la,det
enut,obj
2015,nummod
",",punct
donde,obl
se,expl:pass
evidenció,acl
la,det
desigualdad,nsubj
de,case
género,nmod
en,case
el,det
uso,nmod
del,case
tiempo,nmod
",",punct
especialmente,advmod
en,case
la,det
carga,nmod
de,case
trabajo,nmod
total,amod
",",punct
los,det
cuidados,appos
y,cc
tiempo,conj
libre,amod
.,punct
hoy,advmod
es,cop
un,det
día,ROOT
en,case
que,obl
se,expl:pass
conmemora,acl
la,det
lucha,nsubj
histórica,amod
que,mark
las,det
mujeres,nsubj
hemos,aux
tenido,acl
contra,case
la,det
desigualdad,obl
de,case
género,nmod
.,punct
es,cop
una,det
fecha,ROOT
de,case
reivindicaciones,nmod
",",punct
reconocimiento,conj
y,cc
visibilización,conj
de,case
los,det
derechos,nmod
ganados,amod
.,punct
les,obj
queremos,ROOT
compartir,xcomp
un,det
mensaje,obj
a,case
nuestra,det
comunidad,obj
en,case
esta,det
gráfica,obl
.,punct
el,det
nacho,nsubj
a,advmod
pito,fixed
de,fixed
nada,obj
entrando,advcl
a,case
mi,det
pieza,obj
:,punct
hermana,nsubj
q,flat
es,cop
la,det
violencia,ROOT
de,case
género,nmod
?,punct
?,punct
?,punct
?,ROOT
anoche,advmod
dijo,ROOT
lucas,nsubj
textual,amod
.,punct
"""",punct
si,mark
mostrarán,advcl
lo,det
que,nsubj
pasó,ccomp
en,case
la,det
cena,obl
jorge,appos
se,obj
iría,aux
cagando,ROOT
"""",punct
@chilevision,obj
miente,advmod
#,flat
granhermanochv,flat
acomoda,obj
a,case
su,det
pinta,nmod
.,punct
animadores,nsubj
avalan,ROOT
la,det
violencia,obj
de,case
género,nmod
.,punct
la,det
peor,amod
versión,ROOT
de,case
gh,nmod
del,case
mundo,nmod
.,punct
son,cop
un,det
chiste,ROOT
"""",punct
toda,det
mujer,nsubj
educada,amod
en,case
el,det
machismo,obl
esta,det
predispuesta,obj
a,mark
sufrir,ROOT
violencia,obj
de,case
genero,nmod
"""",punct
justo,obj
en,case
el,det
kokoro,nmod
...,punct
lo,det
de,case
pincoya,nsubj
es,cop
sancionable,ROOT
",",punct
disculpable,amod
y,cc
subsanable,conj
.,punct
bien,advmod
ahí,advmod
#,ROOT
granhermanochv,nsubj
pero,cc
debe,aux
ser,cop
una,det
línea,conj
editorial,amod
para,case
todo,obl
:,punct
acoso,appos
sexual,amod
",",punct
violencia,conj
de,case
género,nmod
",",punct
física,conj
",",punct
psicológica,amod
",",punct
bullying,conj
",",punct
ideacion,conj
de,case
violencia,flat
",",punct
es,cc
decir,fixed
:,punct
fran,conj
",",punct
maite,conj
",",punct
lucas,conj
",",punct
alessia,conj
",",punct
skarlet,conj
",",punct
jorge,conj
",",punct
etc.,punct
#,ROOT
pulsopm,punct
|,dep
la,det
denuncia,ROOT
de,case
“,det
maltrato,nmod
laboral,amod
”,appos
y,cc
“,det
acoso,conj
sexual,amod
”,appos
en,case
contra,fixed
del,det
nuevo,amod
gerente,nmod
general,amod
de,case
clínica,nmod
las,det
condes,appos
#,advmod
chile,nsubj
corte,flat
de,case
valdivia,flat
acogió,ROOT
recurso,obj
de,case
alumna,nmod
de,case
posgrado,nmod
que,obj
denunció,acl
a,case
director,obj
de,case
psiquiatría,nmod
de,case
la,det
u.,nmod
austral,flat
por,case
acoso,obl
sexual,amod
c.,nsubj
de,case
apelaciones,flat
de,case
#,flat
valdivia,flat
acogió,ROOT
recurso,obj
de,case
protección,nmod
contra,case
@uaustraldechile,nmod
por,case
una,det
médica,obl
cirujana,amod
de,case
campus,nmod
#,amod
osorno,appos
",",punct
quien,nsubj
denunció,acl
a,case
director,obj
de,case
dicho,amod
programa,obl
",",punct
 ,dep
por,case
insinuaciones,obl
de,case
acoso,nmod
sexual,amod
",",punct
hostigamiento,conj
",",punct
maltrato,appos
sexista,amod
y,cc
discriminación,conj
.,punct
más,advmod
de,case
cinco,nmod
mil,nummod
denuncias,nsubj
(,punct
5.294,appos
),punct
por,case
agresión,nmod
física,amod
",",punct
acoso,appos
sexual,amod
",",punct
maltrato,appos
animal,amod
",",punct
y,cc
un,det
sinnúmero,nsubj
de,case
faltas,nmod
a,case
las,det
normas,nmod
televisivas,amod
recibió,ROOT
el,det
cntv,obj
",",punct
solo,obj
en,case
el,det
mes,nmod
de,case
julio,flat
",",punct
contra,case
el,det
programa,obl
"""",punct
gran,appos
hermano,flat
"""",punct
de,case
canal,nmod
11,nummod
que,nsubj
administra,acl
una,obj
de,case
las,det
concesiones,nmod
autorizadas,amod
a,case
la,det
universidad,obj
de,case
chile,flat
.,punct
a,case
pesar,fixed
de,fixed
ello,obl
",",punct
el,det
programa,nsubj
que,obj
mantiene,acl
un,det
bajo,amod
rating,obj
",",punct
continúa,ROOT
siendo,aux
objetado,xcomp
por,case
los,det
auditores,obj
y,cc
no,advmod
ha,aux
recibido,conj
ninguna,det
sanción,obj
.,punct
el,det
indigno,amod
trato,nsubj
que,obj
reciben,acl
muchos,nsubj
de,case
sus,det
protagonistas,nmod
es,cop
sorprendentemente,advmod
irrespetuoso,ROOT
e,cc
inmoral,conj
.,punct
al,case
parecer,fixed
",",punct
el,det
interés,nsubj
económico,amod
pesa,ROOT
más,obj
que,mark
las,det
normas,obl
morales,amod
y,cc
el,det
derecho,conj
de,case
personas,nmod
y,cc
seres,conj
vivientes,amod
a,mark
recibir,acl
un,det
trato,obj
digno,amod
.,punct
-allende,nsubj
y,cc
pinochet,conj
responsables,amod
del,case
golpe,nmod
-cataldo,flat
critica,ROOT
el,det
actuar,obj
de,case
sus,det
ex,amod
alumnos,nmod
que,nsubj
vandalizan,acl
el,det
@metrodesantiago,obj
-el,punct
@colegioprofes,obj
extiende,advcl
consulta,obj
sobre,case
paro,nmod
-14,nummod
denuncias,nsubj
de,case
acoso,nmod
sexual,amod
en,case
ministerios,nmod
se,expl:pv
suman,advcl
en,case
el,det
@gobiernodechile,obj
despierten,flat
a,case
@totiorellanag,obj
14,nummod
denuncias,nsubj
de,case
acoso,nmod
sexual,amod
se,expl:pv
suman,ROOT
en,case
este,det
gobierno,obj
cuidar,csubj
la,det
democracia,obj
es,cop
exactamente,advmod
lo,fixed
contrario,ROOT
",",punct
ocultar,advcl
",",punct
tapar,advcl
",",punct
silenciar,advcl
...,punct
un,det
documento,nsubj
real,amod
es,cop
no,advmod
ser,cop
demócrata,advcl
.,punct
pero,advmod
a,case
boric,obj
le,obj
gusta,ROOT
tapar,csubj
",",punct
silenciar,xcomp
",",punct
callar,csubj
las,det
cosas,obj
...,punct
él,nsubj
sabe,advcl
muy,advmod
bien,advmod
de,case
esas,det
cosas,obj
(,punct
acoso,appos
sexual,amod
),punct
",",punct
si,dep
?,punct
avanzamos,ROOT
?,punct
 ,dep
siiiii,ROOT
...,punct
a,case
un,det
mierdal,ROOT
el,det
arsenal,nsubj
tiene,ROOT
jugando,obj
de,case
titular,obj
a,case
un,det
jugador,obj
acusado,amod
de,case
abuso,obj
y,cc
acoso,conj
sexual,amod
.,punct
mendy,nsubj
jugó,ROOT
en,case
el,det
city,obl
mientras,mark
estaba,aux
siendo,aux
procesado,advcl
por,case
los,det
mismos,det
delitos,obl
.,punct
mejor,advmod
ni,cc
te,conj
cuento,ROOT
del,case
caso,obj
de,case
cristiano,nmod
ronaldo,flat
.,punct
hay,ROOT
que,cc
informarse,conj
bien,advmod
antes,advmod
de,mark
emitir,advcl
opiniones,obj
y,cc
poner,conj
ejemplos,obj
.,punct
me,iobj
parece,ROOT
bien,advmod
como,mark
el,det
repico,dep
que,mark
la,det
gente,nsubj
que,obj
dice,acl
"""",punct
pincoya,acl
acosadora,obj
sexual,advmod
"""",punct
es,cop
la,det
misma,xcomp
que,nsubj
llama,acl
exagerada,obj
a,case
la,det
gente,obj
cuando,mark
denuncias,nsubj
acoso,amod
sexual,amod
xd,nsubj
les,obj
molesta,advcl
solo,advmod
porque,mark
es,cop
la,det
pincoya,advcl
",",punct
cuando,mark
le,obj
pasó,advcl
a,case
la,det
fran,obl
con,case
ruben,obl
esa,det
gente,nsubj
no,advmod
lo,obj
llamo,advcl
acosador,iobj
a,case
el,det
#,obl
thelulosshow,punct
se,expl:pass
olvidaron,ROOT
rapidito,obj
del,case
acoso,nmod
sexual,amod
de,case
la,det
pincoya,nmod
",",punct
pero,cc
cuando,mark
la,det
fran,nsubj
hueveó,advcl
con,case
lucas,obl
",",punct
lograron,conj
miles,obj
de,case
denuncias,nmod
en,case
el,det
cntv,obl
en,case
pocos,det
minutos,obl
.,punct
increíble,advmod
como,mark
en,case
nombre,nmod
del,det
fanatismo,nmod
",",punct
son,cop
capaces,ROOT
de,mark
relativizar,acl
y,cc
tolerar,conj
cualquier,det
cosa,obj
#,appos
granhermanochile,appos
#,appos
granhermanochv,nmod
